"Programme";"ID"
"ZAA_HR";"ZAA_HR_S_2016_H01_NA"
"ZAA_HR";"ZAA_HR_S_2016_R01_NA"
"ZAA_HR";"ZAA_HR_S_2016_R05_NA"
"ZAA_HR";"ZAA_HR_S_2016_R10_NA"
"ZAA_HR";"ZAA_HR_V_2016_H01_NA"
"ZAA_HR";"ZAA_HR_V_2016_H05_NA"
"ZAA_HR";"ZAA_HR_V_2016_H10_NA"
"ZAA_HR";"ZAA_HR_V_2016_H30_NA"
"ZAA_HR";"ZAA_HR_V_2016_R01_NA"
"ZAA_HR";"ZAA_HR_V_2016_R05_NA"
"ZAA_HR";"ZAA_HR_V_2016_R10_NA"
"ZAA_HR";"ZAA_HR_V_2016_R30_NA"
"ZAA_HR";"ZAA_HR_X_2016_H01_NA"
"ZAA_HR";"ZAA_HR_X_2016_H05_NA"
"ZAA_HR";"ZAA_HR_X_2016_H10_NA"
"ZAA_HR";"ZAA_HR_X_2016_H30_NA"
"ZAA_HR";"ZAA_HR_X_2016_R01_NA"
"ZAA_HR";"ZAA_HR_X_2016_R05_NA"
"ZAA_HR";"ZAA_HR_X_2016_R10_NA"
